{
  "_fv": 77,
  "_type": "plant",
  "definition": {
    "renderType": 13,
    "texture": "dead_crops",
    "textureBottom": "",
    "customModelName": "Crop model",
    "itemTexture": "",
    "particleTexture": "",
    "tintType": "No tint",
    "isItemTinted": false,
    "plantType": "normal",
    "suspiciousStewEffect": "SPEED",
    "suspiciousStewDuration": 100,
    "secondaryTreeChance": 0.1,
    "trees": [
      null,
      null
    ],
    "flowerTrees": [
      null,
      null
    ],
    "megaTrees": [
      null,
      null
    ],
    "growapableSpawnType": "Plains",
    "growapableMaxHeight": 3,
    "customBoundingBox": false,
    "disableOffset": false,
    "boundingBoxes": [
      {
        "mx": 0.0,
        "my": 0.0,
        "mz": 0.0,
        "Mx": 16.0,
        "My": 16.0,
        "Mz": 16.0,
        "subtract": false
      }
    ],
    "name": "Dead Crops",
    "specialInformation": {
      "fixedValue": []
    },
    "creativeTabs": [
      {
        "value": "DECORATIONS"
      },
      {
        "value": "CUSTOM:FoodExpiryDate"
      }
    ],
    "hardness": 0.0,
    "resistance": 0.0,
    "luminance": 0,
    "unbreakable": false,
    "isSolid": false,
    "isWaterloggable": true,
    "isCustomSoundType": false,
    "soundOnStep": {
      "value": "PLANT"
    },
    "breakSound": {
      "value": ""
    },
    "stepSound": {
      "value": ""
    },
    "placeSound": {
      "value": ""
    },
    "hitSound": {
      "value": ""
    },
    "fallSound": {
      "value": ""
    },
    "useLootTableForDrops": false,
    "customDrop": {
      "value": "CUSTOM:MoldyFood"
    },
    "dropAmount": 1,
    "forceTicking": false,
    "emissiveRendering": false,
    "hasTileEntity": false,
    "isReplaceable": false,
    "colorOnMap": "DEFAULT",
    "creativePickItem": {
      "value": ""
    },
    "offsetType": "XZ",
    "aiPathNodeType": "DEFAULT",
    "flammability": 100,
    "fireSpreadSpeed": 60,
    "jumpFactor": 1.0,
    "speedFactor": 1.0,
    "canBePlacedOn": [
      {
        "value": "Blocks.FARMLAND"
      }
    ],
    "isBonemealable": false,
    "frequencyOnChunks": 5,
    "generateFeature": false,
    "restrictionBiomes": [],
    "generationType": "Flower",
    "patchSize": 64,
    "generateAtAnyHeight": false
  }
}