{
  "_fv": 77,
  "_type": "item",
  "definition": {
    "renderType": 0,
    "texture": "moldy_milk",
    "customModelName": "Normal",
    "customProperties": {},
    "states": [],
    "name": "Moldy Milk",
    "rarity": "COMMON",
    "creativeTabs": [
      {
        "value": "CUSTOM:FoodExpiryDate"
      },
      {
        "value": "FOOD"
      }
    ],
    "stackSize": 1,
    "enchantability": 0,
    "useDuration": 32,
    "toolType": 1.0,
    "damageCount": 0,
    "recipeRemainder": {
      "value": ""
    },
    "destroyAnyBlock": false,
    "immuneToFire": false,
    "stayInGridWhenCrafting": false,
    "damageOnCrafting": false,
    "enableMeleeDamage": false,
    "damageVsEntity": 0.0,
    "specialInformation": {
      "fixedValue": []
    },
    "glowCondition": {
      "fixedValue": false
    },
    "inventorySize": 9,
    "inventoryStackSize": 64,
    "onRightClickedInAir": {
      "name": "MoldyMilkRightclicked"
    },
    "onFinishUsingItem": {
      "name": "FoodPoisoningProcedure"
    },
    "enableRanged": false,
    "shootConstantly": false,
    "rangedItemChargesPower": false,
    "projectile": {
      "value": "Arrow"
    },
    "projectileDisableAmmoCheck": false,
    "isFood": true,
    "nutritionalValue": 2,
    "saturation": 0.5,
    "eatResultItem": {
      "value": "Items.BUCKET"
    },
    "isMeat": false,
    "isAlwaysEdible": true,
    "animation": "drink",
    "isMusicDisc": false,
    "musicDiscMusic": {
      "value": ""
    },
    "musicDiscDescription": "",
    "musicDiscLengthInTicks": 0,
    "musicDiscAnalogOutput": 0
  }
}