{
  "format_version": "1.21.6",
  "texture_size": [
    64,
    64
  ],
  "elements": [
    {
      "from": [
        6,
        10,
        1
      ],
      "to": [
        10,
        12,
        2
      ],
      "rotation": {
        "angle": 0,
        "axis": "y",
        "origin": [
          7,
          10,
          0
        ]
      },
      "faces": {
        "north": {
          "uv": [
            14.75,
            0,
            15.75,
            0.5
          ],
          "texture": "#0"
        },
        "east": {
          "uv": [
            14.25,
            3.5,
            14.5,
            4
          ],
          "texture": "#0"
        },
        "west": {
          "uv": [
            14.5,
            8.25,
            14.75,
            8.75
          ],
          "texture": "#0"
        },
        "up": {
          "uv": [
            8.75,
            2,
            9.75,
            2.25
          ],
          "texture": "#0"
        },
        "down": {
          "uv": [
            10.25,
            11,
            11.25,
            11.25
          ],
          "texture": "#0"
        }
      }
    },
    {
      "from": [
        0,
        0,
        2
      ],
      "to": [
        16,
        12,
        16
      ],
      "faces": {
        "north": {
          "uv": [
            4,
            0,
            8,
            3
          ],
          "texture": "#0"
        },
        "east": {
          "uv": [
            4,
            6,
            7.5,
            9
          ],
          "texture": "#0"
        },
        "south": {
          "uv": [
            4,
            3,
            8,
            6
          ],
          "texture": "#0"
        },
        "west": {
          "uv": [
            0,
            7,
            3.5,
            10
          ],
          "texture": "#0"
        },
        "up": {
          "uv": [
            4,
            3.5,
            0,
            0
          ],
          "texture": "#0"
        },
        "down": {
          "uv": [
            4,
            3.5,
            0,
            7
          ],
          "texture": "#0"
        }
      }
    }
  ],
  "groups": [
    {
      "name": "group",
      "origin": [
        0,
        0,
        0
      ],
      "color": 0,
      "children": [
        0,
        1
      ]
    }
  ]
}