{
	"parent": "drying_rack",
	"texture_size": [32, 32],
	"textures": {
		"1": "drying_rack",
		"particle": "drying_rack"
	},
	"elements": [
		{
			"name": "stick_1",
			"from": [-1, 15, 7.5],
			"to": [17, 16, 8.5],
			"rotation": {"angle": 0, "axis": "y", "origin": [1, 0, 2]},
			"faces": {
				"north": {"uv": [0, 1, 16, 2], "texture": "#1"},
				"east": {"uv": [0, 2, 1, 3], "texture": "#1"},
				"south": {"uv": [0, 1, 16, 2], "texture": "#1"},
				"west": {"uv": [0, 2, 1, 3], "texture": "#1"},
				"up": {"uv": [16, 1, 0, 0], "texture": "#1"},
				"down": {"uv": [16, 0, 0, 1], "texture": "#1"}
			}
		},
		{
			"name": "stick_2",
			"from": [0.5, 0, 14],
			"to": [1.5, 16, 15],
			"rotation": {"angle": -22.5, "axis": "x", "origin": [1, 0, 14]},
			"faces": {
				"north": {"uv": [0, 1, 16, 2], "rotation": 90, "texture": "#1"},
				"east": {"uv": [16, 0, 0, 1], "rotation": 270, "texture": "#1"},
				"south": {"uv": [0, 1, 16, 2], "rotation": 270, "texture": "#1"},
				"west": {"uv": [16, 1, 0, 0], "rotation": 270, "texture": "#1"},
				"up": {"uv": [0, 2, 1, 3], "rotation": 270, "texture": "#1"},
				"down": {"uv": [0, 2, 1, 3], "rotation": 270, "texture": "#1"}
			}
		},
		{
			"name": "stick_3",
			"from": [0.5, 0, 1],
			"to": [1.5, 16, 2],
			"rotation": {"angle": 22.5, "axis": "x", "origin": [1, 0, 2]},
			"faces": {
				"north": {"uv": [0, 1, 16, 2], "rotation": 90, "texture": "#1"},
				"east": {"uv": [16, 0, 0, 1], "rotation": 270, "texture": "#1"},
				"south": {"uv": [0, 1, 16, 2], "rotation": 270, "texture": "#1"},
				"west": {"uv": [16, 1, 0, 0], "rotation": 270, "texture": "#1"},
				"up": {"uv": [0, 2, 1, 3], "rotation": 270, "texture": "#1"},
				"down": {"uv": [0, 2, 1, 3], "rotation": 270, "texture": "#1"}
			}
		},
		{
			"name": "stick_3",
			"from": [14.5, 0, 14],
			"to": [15.5, 16, 15],
			"rotation": {"angle": -22.5, "axis": "x", "origin": [15, 0, 14]},
			"faces": {
				"north": {"uv": [0, 1, 16, 2], "rotation": 90, "texture": "#1"},
				"east": {"uv": [16, 0, 0, 1], "rotation": 270, "texture": "#1"},
				"south": {"uv": [0, 1, 16, 2], "rotation": 270, "texture": "#1"},
				"west": {"uv": [16, 1, 0, 0], "rotation": 270, "texture": "#1"},
				"up": {"uv": [0, 2, 1, 3], "rotation": 270, "texture": "#1"},
				"down": {"uv": [0, 2, 1, 3], "rotation": 270, "texture": "#1"}
			}
		},
		{
			"name": "stick_4",
			"from": [14.5, 0, 1],
			"to": [15.5, 16, 2],
			"rotation": {"angle": 22.5, "axis": "x", "origin": [15, 0, 2]},
			"faces": {
				"north": {"uv": [0, 1, 16, 2], "rotation": 90, "texture": "#1"},
				"east": {"uv": [16, 0, 0, 1], "rotation": 270, "texture": "#1"},
				"south": {"uv": [0, 1, 16, 2], "rotation": 270, "texture": "#1"},
				"west": {"uv": [16, 1, 0, 0], "rotation": 270, "texture": "#1"},
				"up": {"uv": [0, 2, 1, 3], "rotation": 270, "texture": "#1"},
				"down": {"uv": [0, 2, 1, 3], "rotation": 270, "texture": "#1"}
			}
		},
		{
			"name": "robe_0",
			"from": [0, 13.5, 7],
			"to": [2, 16.5, 9],
			"faces": {
				"north": {"uv": [14, 13, 16, 16], "texture": "#1"},
				"east": {"uv": [12, 13, 14, 16], "texture": "#1"},
				"south": {"uv": [14, 13, 16, 16], "texture": "#1"},
				"west": {"uv": [12, 13, 14, 16], "texture": "#1"},
				"up": {"uv": [14, 11, 16, 13], "texture": "#1"},
				"down": {"uv": [12, 11, 14, 13], "texture": "#1"}
			}
		},
		{
			"name": "robe_1",
			"from": [14, 13.5, 7],
			"to": [16, 16.5, 9],
			"rotation": {"angle": 0, "axis": "y", "origin": [14, 0, 0]},
			"faces": {
				"north": {"uv": [14, 13, 16, 16], "texture": "#1"},
				"east": {"uv": [12, 13, 14, 16], "texture": "#1"},
				"south": {"uv": [14, 13, 16, 16], "texture": "#1"},
				"west": {"uv": [12, 13, 14, 16], "texture": "#1"},
				"up": {"uv": [14, 11, 16, 13], "texture": "#1"},
				"down": {"uv": [12, 11, 14, 13], "texture": "#1"}
			}
		}
	]
}