{
  "_fv": 57,
  "_type": "achievement",
  "definition": {
    "achievementName": "Crafting A Drying Rack",
    "achievementDescription": "You crafting a drying rack to dry food!",
    "achievementIcon": {
      "value": "Items.MUTTON"
    },
    "background": "Default",
    "disableDisplay": false,
    "showPopup": false,
    "announceToChat": true,
    "hideIfNotCompleted": false,
    "rewardLoot": [],
    "rewardRecipes": [],
    "rewardFunction": "No function",
    "rewardXP": 0,
    "achievementType": "task",
    "parent": {
      "value": "No parent: root"
    },
    "triggerxml": "<xml xmlns=\"https://developers.google.com/blockly/xml\"><block type=\"item_in_inventory\" x=\"43\" y=\"30\"><value name=\"amount_l\"><block type=\"math_number\"><field name=\"NUM\">0</field></block></value><value name=\"amount_h\"><block type=\"math_number\"><field name=\"NUM\">1</field></block></value><value name=\"item\"><block type=\"mcitem_all\"><field name=\"value\">CUSTOM:FoodDryingRack</field></block></value><next><block type=\"advancement_trigger\" deletable=\"false\"></block></next></block></xml>"
  }
}