{
  "display": {
    "background": "minecraft:textures/block/stone.png",
    "icon": {
      "item": "minecraft:mutton"
    },
    "title": {
      "translate": "advancements.crafting_drying_rack.title"
    },
    "description": {
      "translate": "advancements.crafting_drying_rack.descr"
    },
    "frame": "task",
    "show_toast": false,
    "announce_to_chat": true,
    "hidden": false
  },
  "criteria": {
    "crafting_drying_rack": {
      "trigger": "minecraft:inventory_changed",
      "conditions": {
        "items": [
          {
            "items": [
              "food_expiry_date:food_drying_rack"
            ],
            "count": {
              "min": 0,
              "max": 1
            }
          }
        ]
      }
    }
  }
}